engine,symbol,date,entry_time,direction,entry_price,body_pct,exit_price,exit_time,exit_reason,pnl_pts,result,stoch_k,regime
E1,HDFCBANK,2026-04-13,2026-04-13 10:45:00+05:30,PE,789.8,90.63,799.8,2026-04-15 09:15:00+05:30,SL,-10.0,LOSS,,
E1,HDFCBANK,2026-04-13,2026-04-13 12:00:00+05:30,CE,791.7,97.37,806.8,2026-04-15 09:15:00+05:30,TRAIL_VWAP,15.1,WIN,,
E1,HDFCBANK,2026-04-15,2026-04-15 11:00:00+05:30,PE,808.8,66.67,818.8,2026-04-16 09:15:00+05:30,SL,-10.0,LOSS,,
E1,HDFCBANK,2026-04-15,2026-04-15 13:00:00+05:30,CE,810.4,91.11,816.0,2026-04-16 09:15:00+05:30,FORCE_CLOSE,5.6,WIN,,
E1,HDFCBANK,2026-04-15,2026-04-15 13:30:00+05:30,CE,810.4,66.67,816.0,2026-04-16 09:15:00+05:30,FORCE_CLOSE,5.6,WIN,,
E1,HDFCBANK,2026-04-20,2026-04-20 13:30:00+05:30,CE,798.6,67.69,801.7,2026-04-21 09:15:00+05:30,FORCE_CLOSE,3.1,WIN,,
E1,HDFCBANK,2026-04-22,2026-04-22 10:30:00+05:30,CE,805.8,95.18,795.8,2026-04-23 09:15:00+05:30,SL,-10.0,LOSS,,
E1,HDFCBANK,2026-04-22,2026-04-22 11:00:00+05:30,PE,804.1,71.43,794.5,2026-04-23 09:15:00+05:30,FORCE_CLOSE,9.6,WIN,,
E1,HDFCBANK,2026-04-24,2026-04-24 10:00:00+05:30,CE,780.8,87.5,789.4,2026-04-27 09:15:00+05:30,FORCE_CLOSE,8.6,WIN,,
E1,HDFCBANK,2026-04-24,2026-04-24 13:30:00+05:30,PE,782.7,80.0,792.7,2026-04-27 09:15:00+05:30,SL,-10.0,LOSS,,
E1,HDFCBANK,2026-04-24,2026-04-24 13:45:00+05:30,CE,784.0,92.86,789.4,2026-04-27 09:15:00+05:30,FORCE_CLOSE,5.4,WIN,,
E1,HDFCBANK,2026-04-24,2026-04-24 14:00:00+05:30,PE,781.9,71.19,791.9,2026-04-27 09:15:00+05:30,SL,-10.0,LOSS,,
E1,HDFCBANK,2026-04-24,2026-04-24 14:15:00+05:30,CE,783.5,71.11,789.4,2026-04-27 09:15:00+05:30,FORCE_CLOSE,5.9,WIN,,
E1,HDFCBANK,2026-04-27,2026-04-27 09:45:00+05:30,CE,789.55,69.77,790.0,2026-04-28 09:15:00+05:30,FORCE_CLOSE,0.45,WIN,,
E1,HDFCBANK,2026-04-27,2026-04-27 11:00:00+05:30,PE,788.8,71.11,790.0,2026-04-28 09:15:00+05:30,FORCE_CLOSE,-1.2,LOSS,,
E1,HDFCBANK,2026-04-27,2026-04-27 13:00:00+05:30,CE,789.5,95.83,790.0,2026-04-28 09:15:00+05:30,FORCE_CLOSE,0.5,WIN,,
E1,HDFCBANK,2026-04-28,2026-04-28 10:30:00+05:30,PE,790.9,84.62,782.9,2026-04-29 09:15:00+05:30,FORCE_CLOSE,8.0,WIN,,
E1,HDFCBANK,2026-04-29,2026-04-29 12:15:00+05:30,CE,786.05,67.74,776.05,2026-04-30 09:15:00+05:30,SL,-10.0,LOSS,,
E1,HDFCBANK,2026-04-29,2026-04-29 13:15:00+05:30,PE,785.05,75.0,763.5,2026-04-30 09:15:00+05:30,FORCE_CLOSE,21.55,WIN,,
E1,HDFCBANK,2026-04-29,2026-04-29 13:30:00+05:30,CE,786.0,76.0,776.0,2026-04-30 09:15:00+05:30,SL,-10.0,LOSS,,
E1,HDFCBANK,2026-04-29,2026-04-29 14:00:00+05:30,PE,783.95,78.95,763.5,2026-04-30 09:15:00+05:30,FORCE_CLOSE,20.45,WIN,,
E1,HDFCBANK,2026-04-30,2026-04-30 09:30:00+05:30,CE,767.3,92.77,782.7,2026-05-04 09:15:00+05:30,FORCE_CLOSE,15.4,WIN,,
E1,HDFCBANK,2026-04-30,2026-04-30 10:00:00+05:30,PE,765.0,69.09,775.0,2026-04-30 13:15:00+05:30,SL,-10.0,LOSS,,
E1,HDFCBANK,2026-04-30,2026-04-30 10:30:00+05:30,CE,767.5,73.64,782.7,2026-05-04 09:15:00+05:30,FORCE_CLOSE,15.2,WIN,,
E1,HDFCBANK,2026-04-30,2026-04-30 11:30:00+05:30,CE,767.15,86.96,782.7,2026-05-04 09:15:00+05:30,FORCE_CLOSE,15.55,WIN,,
E1,HDFCBANK,2026-05-04,2026-05-04 10:00:00+05:30,PE,779.5,84.16,771.8,2026-05-05 09:15:00+05:30,FORCE_CLOSE,7.7,WIN,,
E1,HDFCBANK,2026-05-04,2026-05-04 11:00:00+05:30,CE,785.2,88.89,775.2,2026-05-04 13:15:00+05:30,SL,-10.0,LOSS,,
E1,HDFCBANK,2026-05-04,2026-05-04 12:00:00+05:30,PE,778.85,84.4,771.8,2026-05-05 09:15:00+05:30,FORCE_CLOSE,7.05,WIN,,
E1,HDFCBANK,2026-05-05,2026-05-05 09:45:00+05:30,CE,772.85,66.1,777.65,2026-05-06 09:15:00+05:30,FORCE_CLOSE,4.8,WIN,,
E1,HDFCBANK,2026-05-05,2026-05-05 12:45:00+05:30,CE,770.35,92.56,777.65,2026-05-06 09:15:00+05:30,FORCE_CLOSE,7.3,WIN,,
E1,HDFCBANK,2026-05-06,2026-05-06 09:30:00+05:30,PE,775.8,81.48,785.8,2026-05-06 14:15:00+05:30,SL,-10.0,LOSS,,
E1,HDFCBANK,2026-05-06,2026-05-06 11:30:00+05:30,PE,776.85,65.15,786.85,2026-05-06 14:15:00+05:30,SL,-10.0,LOSS,,
E1,HDFCBANK,2026-05-07,2026-05-07 12:00:00+05:30,CE,793.2,73.68,787.15,2026-05-08 09:15:00+05:30,FORCE_CLOSE,-6.05,LOSS,,
E1,HDFCBANK,2026-05-08,2026-05-08 09:30:00+05:30,PE,785.05,68.85,773.15,2026-05-11 09:15:00+05:30,FORCE_CLOSE,11.9,WIN,,
E1,HDFCBANK,2026-05-11,2026-05-11 09:30:00+05:30,PE,770.2,84.85,756.3,2026-05-12 09:15:00+05:30,FORCE_CLOSE,13.9,WIN,,
E1,HDFCBANK,2026-05-11,2026-05-11 11:45:00+05:30,PE,769.0,90.0,756.3,2026-05-12 09:15:00+05:30,FORCE_CLOSE,12.7,WIN,,
E1,HDFCBANK,2026-05-11,2026-05-11 13:15:00+05:30,PE,770.35,80.77,756.3,2026-05-12 09:15:00+05:30,FORCE_CLOSE,14.05,WIN,,
E1,HDFCBANK,2026-05-11,2026-05-11 14:30:00+05:30,PE,769.3,67.27,756.3,2026-05-12 09:15:00+05:30,FORCE_CLOSE,13.0,WIN,,
E1,HDFCBANK,2026-05-12,2026-05-12 10:00:00+05:30,CE,758.05,74.32,748.05,2026-05-12 15:00:00+05:30,SL,-10.0,LOSS,,
E1,HDFCBANK,2026-05-12,2026-05-12 12:00:00+05:30,PE,755.9,69.23,750.4,2026-05-13 09:15:00+05:30,FORCE_CLOSE,5.5,WIN,,
E1,HDFCBANK,2026-05-13,2026-05-13 11:00:00+05:30,CE,751.85,86.49,754.0,2026-05-14 09:15:00+05:30,FORCE_CLOSE,2.15,WIN,,
E1,HDFCBANK,2026-05-13,2026-05-13 11:30:00+05:30,CE,755.85,90.43,754.0,2026-05-14 09:15:00+05:30,FORCE_CLOSE,-1.85,LOSS,,
E1,HDFCBANK,2026-05-14,2026-05-14 09:30:00+05:30,PE,752.3,68.52,762.3,2026-05-14 11:15:00+05:30,SL,-10.0,LOSS,,
E1,HDFCBANK,2026-05-14,2026-05-14 10:15:00+05:30,PE,751.0,74.55,761.0,2026-05-14 11:15:00+05:30,SL,-10.0,LOSS,,
E1,HDFCBANK,2026-05-14,2026-05-14 11:00:00+05:30,CE,752.0,90.12,781.55,2026-05-15 09:15:00+05:30,FORCE_CLOSE,29.55,WIN,,
E1,HDFCBANK,2026-05-15,2026-05-15 09:45:00+05:30,PE,776.5,91.03,752.45,2026-05-18 09:15:00+05:30,FORCE_CLOSE,24.05,WIN,,
E1,HDFCBANK,2026-05-15,2026-05-15 11:00:00+05:30,PE,776.6,90.24,752.45,2026-05-18 09:15:00+05:30,FORCE_CLOSE,24.15,WIN,,
E1,HDFCBANK,2026-05-18,2026-05-18 09:30:00+05:30,CE,754.55,81.82,767.95,2026-05-19 09:15:00+05:30,FORCE_CLOSE,13.4,WIN,,
E1,HDFCBANK,2026-05-19,2026-05-19 09:45:00+05:30,PE,765.4,69.52,759.7,2026-05-20 09:15:00+05:30,FORCE_CLOSE,5.7,WIN,,
E1,HDFCBANK,2026-05-19,2026-05-19 11:00:00+05:30,PE,766.9,70.0,759.7,2026-05-20 09:15:00+05:30,FORCE_CLOSE,7.2,WIN,,
E1,HDFCBANK,2026-05-19,2026-05-19 12:30:00+05:30,PE,767.05,87.01,759.7,2026-05-20 09:15:00+05:30,FORCE_CLOSE,7.35,WIN,,
E1,HDFCBANK,2026-05-19,2026-05-19 13:15:00+05:30,CE,767.45,71.05,757.45,2026-05-20 09:15:00+05:30,SL,-10.0,LOSS,,
E1,HDFCBANK,2026-05-20,2026-05-20 10:00:00+05:30,PE,758.3,80.0,763.75,2026-05-21 09:15:00+05:30,FORCE_CLOSE,-5.45,LOSS,,
E1,HDFCBANK,2026-05-20,2026-05-20 11:00:00+05:30,CE,758.85,80.36,763.75,2026-05-21 09:15:00+05:30,FORCE_CLOSE,4.9,WIN,,
E1,HDFCBANK,2026-05-21,2026-05-21 09:30:00+05:30,CE,766.05,84.91,756.05,2026-05-21 12:45:00+05:30,SL,-10.0,LOSS,,
E1,HDFCBANK,2026-05-21,2026-05-21 09:45:00+05:30,PE,763.85,75.86,766.4,2026-05-22 09:15:00+05:30,FORCE_CLOSE,-2.55,LOSS,,
E1,HDFCBANK,2026-05-22,2026-05-22 11:00:00+05:30,PE,768.65,91.67,778.65,2026-05-25 09:15:00+05:30,SL,-10.0,LOSS,,
E1,HDFCBANK,2026-05-22,2026-05-22 11:30:00+05:30,CE,770.3,78.72,785.2,2026-05-25 09:15:00+05:30,FORCE_CLOSE,14.9,WIN,,
E1,HDFCBANK,2026-05-22,2026-05-22 12:00:00+05:30,PE,768.85,77.42,778.85,2026-05-25 09:15:00+05:30,SL,-10.0,LOSS,,
E1,HDFCBANK,2026-05-22,2026-05-22 12:45:00+05:30,CE,771.35,69.35,785.2,2026-05-25 09:15:00+05:30,FORCE_CLOSE,13.85,WIN,,
E1,HDFCBANK,2026-05-22,2026-05-22 13:30:00+05:30,PE,768.35,79.41,778.35,2026-05-25 09:15:00+05:30,SL,-10.0,LOSS,,
E1,HDFCBANK,2026-05-25,2026-05-25 10:15:00+05:30,CE,782.95,71.11,787.9,2026-05-26 09:15:00+05:30,FORCE_CLOSE,4.95,WIN,,
E1,HDFCBANK,2026-05-26,2026-05-26 09:45:00+05:30,PE,786.6,70.0,765.35,2026-05-27 09:15:00+05:30,FORCE_CLOSE,21.25,WIN,,
E1,HDFCBANK,2026-05-26,2026-05-26 11:15:00+05:30,PE,788.35,65.12,765.35,2026-05-27 09:15:00+05:30,FORCE_CLOSE,23.0,WIN,,
E1,HDFCBANK,2026-05-26,2026-05-26 12:00:00+05:30,PE,785.7,88.71,765.35,2026-05-27 09:15:00+05:30,FORCE_CLOSE,20.35,WIN,,
E1,HDFCBANK,2026-05-27,2026-05-27 11:30:00+05:30,PE,764.05,88.57,751.1,2026-05-29 09:15:00+05:30,FORCE_CLOSE,12.95,WIN,,
E1,HDFCBANK,2026-05-29,2026-05-29 09:30:00+05:30,CE,755.05,71.82,745.05,2026-05-29 15:00:00+05:30,SL,-10.0,LOSS,,
E1,HDFCBANK,2026-05-29,2026-05-29 12:45:00+05:30,PE,754.7,75.0,746.8,2026-06-01 09:15:00+05:30,FORCE_CLOSE,7.9,WIN,,
E1,HDFCBANK,2026-06-02,2026-06-02 10:15:00+05:30,CE,742.0,95.06,746.75,2026-06-03 09:15:00+05:30,FORCE_CLOSE,4.75,WIN,,
E1,HDFCBANK,2026-06-03,2026-06-03 09:30:00+05:30,PE,743.85,79.17,753.85,2026-06-03 14:45:00+05:30,SL,-10.0,LOSS,,
E1,HDFCBANK,2026-06-03,2026-06-03 11:15:00+05:30,CE,747.35,91.07,746.6,2026-06-04 09:15:00+05:30,FORCE_CLOSE,-0.75,LOSS,,
E1,HDFCBANK,2026-06-03,2026-06-03 11:45:00+05:30,PE,745.35,68.57,755.35,2026-06-03 14:45:00+05:30,SL,-10.0,LOSS,,
E1,HDFCBANK,2026-06-03,2026-06-03 12:15:00+05:30,CE,746.35,85.48,746.6,2026-06-04 09:15:00+05:30,FORCE_CLOSE,0.25,WIN,,
E1,HDFCBANK,2026-06-04,2026-06-04 13:30:00+05:30,PE,749.85,72.5,756.25,2026-06-05 09:15:00+05:30,FORCE_CLOSE,-6.4,LOSS,,
E1,HDFCBANK,2026-06-05,2026-06-05 10:30:00+05:30,PE,751.55,80.83,739.75,2026-06-08 09:15:00+05:30,FORCE_CLOSE,11.8,WIN,,
E1,HDFCBANK,2026-06-08,2026-06-08 13:00:00+05:30,PE,738.65,72.41,741.7,2026-06-09 09:15:00+05:30,FORCE_CLOSE,-3.05,LOSS,,
E1,HDFCBANK,2026-06-08,2026-06-08 14:30:00+05:30,CE,738.5,81.48,741.7,2026-06-09 09:15:00+05:30,FORCE_CLOSE,3.2,WIN,,
E2,HDFCBANK,2026-05-20,2026-05-20 12:00:00+05:30,PE,757.2,,767.2,2026-05-21 09:15:00+05:30,SL,-10.0,LOSS,64.98,BEAR
E2,HDFCBANK,2026-06-04,2026-06-04 14:00:00+05:30,CE,754.6,,756.25,2026-06-05 09:15:00+05:30,FORCE_CLOSE,1.65,WIN,38.86,BULL
E1,ICICIBANK,2026-04-13,2026-04-13 09:30:00+05:30,CE,1305.7,65.28,1353.8,2026-04-15 09:15:00+05:30,TRAIL_VWAP,48.1,WIN,,
E1,ICICIBANK,2026-04-16,2026-04-16 09:30:00+05:30,PE,1356.4,66.25,1343.5,2026-04-17 09:15:00+05:30,FORCE_CLOSE,12.9,WIN,,
E1,ICICIBANK,2026-04-16,2026-04-16 10:00:00+05:30,CE,1362.1,65.83,1352.1,2026-04-16 11:45:00+05:30,SL,-10.0,LOSS,,
E1,ICICIBANK,2026-04-20,2026-04-20 10:15:00+05:30,PE,1364.8,81.82,1374.8,2026-04-21 09:15:00+05:30,SL,-10.0,LOSS,,
E1,ICICIBANK,2026-04-21,2026-04-21 09:45:00+05:30,CE,1370.5,78.38,1370.6,2026-04-22 09:15:00+05:30,TRAIL_VWAP,0.1,WIN,,
E1,ICICIBANK,2026-04-23,2026-04-23 10:45:00+05:30,PE,1346.7,88.0,1338.0,2026-04-24 09:15:00+05:30,FORCE_CLOSE,8.7,WIN,,
E1,ICICIBANK,2026-04-23,2026-04-23 12:00:00+05:30,CE,1349.3,77.78,1339.3,2026-04-24 09:15:00+05:30,SL,-10.0,LOSS,,
E1,ICICIBANK,2026-04-23,2026-04-23 12:30:00+05:30,CE,1350.3,86.49,1340.3,2026-04-24 09:15:00+05:30,SL,-10.0,LOSS,,
E1,ICICIBANK,2026-04-23,2026-04-23 13:00:00+05:30,PE,1348.5,68.0,1338.0,2026-04-24 09:15:00+05:30,FORCE_CLOSE,10.5,WIN,,
E1,ICICIBANK,2026-04-23,2026-04-23 13:15:00+05:30,CE,1350.8,73.33,1340.8,2026-04-24 09:15:00+05:30,SL,-10.0,LOSS,,
E1,ICICIBANK,2026-04-27,2026-04-27 13:00:00+05:30,CE,1323.4,87.5,1313.4,2026-04-27 15:00:00+05:30,SL,-10.0,LOSS,,
E1,ICICIBANK,2026-04-27,2026-04-27 14:15:00+05:30,PE,1318.3,72.22,1313.4,2026-04-28 09:15:00+05:30,FORCE_CLOSE,4.9,WIN,,
E1,ICICIBANK,2026-04-28,2026-04-28 10:45:00+05:30,CE,1314.1,75.86,1304.1,2026-04-28 11:15:00+05:30,SL,-10.0,LOSS,,
E1,ICICIBANK,2026-04-29,2026-04-29 10:00:00+05:30,CE,1289.9,92.5,1279.9,2026-04-29 15:00:00+05:30,SL,-10.0,LOSS,,
E1,ICICIBANK,2026-05-04,2026-05-04 10:15:00+05:30,CE,1276.3,73.08,1266.3,2026-05-04 13:30:00+05:30,SL,-10.0,LOSS,,
E1,ICICIBANK,2026-05-04,2026-05-04 10:45:00+05:30,PE,1274.2,79.41,1256.1,2026-05-05 09:15:00+05:30,FORCE_CLOSE,18.1,WIN,,
E1,ICICIBANK,2026-05-04,2026-05-04 12:00:00+05:30,PE,1271.6,84.48,1256.1,2026-05-05 09:15:00+05:30,FORCE_CLOSE,15.5,WIN,,
E1,ICICIBANK,2026-05-05,2026-05-05 12:45:00+05:30,CE,1253.5,86.21,1259.1,2026-05-06 09:15:00+05:30,FORCE_CLOSE,5.6,WIN,,
E1,ICICIBANK,2026-05-05,2026-05-05 14:15:00+05:30,CE,1253.9,75.86,1259.1,2026-05-06 09:15:00+05:30,FORCE_CLOSE,5.2,WIN,,
E1,ICICIBANK,2026-05-07,2026-05-07 12:45:00+05:30,PE,1284.6,67.07,1272.9,2026-05-08 09:15:00+05:30,FORCE_CLOSE,11.7,WIN,,
E1,ICICIBANK,2026-05-11,2026-05-11 09:30:00+05:30,PE,1255.2,95.52,1265.2,2026-05-11 11:00:00+05:30,SL,-10.0,LOSS,,
E1,ICICIBANK,2026-05-13,2026-05-13 10:15:00+05:30,CE,1238.9,86.79,1248.4,2026-05-14 09:15:00+05:30,FORCE_CLOSE,9.5,WIN,,
E1,ICICIBANK,2026-05-13,2026-05-13 10:45:00+05:30,PE,1235.1,87.34,1245.1,2026-05-13 12:45:00+05:30,SL,-10.0,LOSS,,
E1,ICICIBANK,2026-05-13,2026-05-13 11:00:00+05:30,CE,1239.3,89.58,1248.4,2026-05-14 09:15:00+05:30,FORCE_CLOSE,9.1,WIN,,
E1,ICICIBANK,2026-05-14,2026-05-14 09:30:00+05:30,PE,1242.7,90.62,1252.7,2026-05-14 11:30:00+05:30,SL,-10.0,LOSS,,
E1,ICICIBANK,2026-05-14,2026-05-14 11:15:00+05:30,CE,1244.3,92.98,1247.7,2026-05-15 09:15:00+05:30,FORCE_CLOSE,3.4,WIN,,
E1,ICICIBANK,2026-05-15,2026-05-15 09:30:00+05:30,CE,1252.0,79.25,1242.0,2026-05-15 15:00:00+05:30,SL,-10.0,LOSS,,
E1,ICICIBANK,2026-05-15,2026-05-15 09:45:00+05:30,PE,1249.0,73.17,1238.0,2026-05-18 09:15:00+05:30,FORCE_CLOSE,11.0,WIN,,
E1,ICICIBANK,2026-05-15,2026-05-15 11:00:00+05:30,PE,1245.8,83.64,1238.0,2026-05-18 09:15:00+05:30,FORCE_CLOSE,7.8,WIN,,
E1,ICICIBANK,2026-05-18,2026-05-18 11:45:00+05:30,PE,1235.7,95.45,1245.7,2026-05-18 12:45:00+05:30,SL,-10.0,LOSS,,
E1,ICICIBANK,2026-05-19,2026-05-19 10:00:00+05:30,CE,1242.5,92.06,1232.5,2026-05-20 09:15:00+05:30,SL,-10.0,LOSS,,
E1,ICICIBANK,2026-05-19,2026-05-19 11:15:00+05:30,PE,1237.8,74.19,1247.8,2026-05-19 12:45:00+05:30,SL,-10.0,LOSS,,
E1,ICICIBANK,2026-05-19,2026-05-19 11:30:00+05:30,CE,1241.7,78.0,1231.7,2026-05-20 09:15:00+05:30,SL,-10.0,LOSS,,
E1,ICICIBANK,2026-05-22,2026-05-22 11:15:00+05:30,PE,1260.3,80.56,1270.3,2026-05-22 12:45:00+05:30,SL,-10.0,LOSS,,
E1,ICICIBANK,2026-05-22,2026-05-22 11:30:00+05:30,CE,1263.8,81.4,1281.0,2026-05-25 09:15:00+05:30,FORCE_CLOSE,17.2,WIN,,
E1,ICICIBANK,2026-05-22,2026-05-22 14:15:00+05:30,PE,1264.3,80.85,1274.3,2026-05-25 09:15:00+05:30,SL,-10.0,LOSS,,
E1,ICICIBANK,2026-05-25,2026-05-25 09:45:00+05:30,PE,1275.1,79.49,1285.1,2026-05-25 14:15:00+05:30,SL,-10.0,LOSS,,
E1,ICICIBANK,2026-05-25,2026-05-25 10:15:00+05:30,CE,1280.1,91.89,1295.7,2026-05-26 09:15:00+05:30,FORCE_CLOSE,15.6,WIN,,
E1,ICICIBANK,2026-05-25,2026-05-25 10:45:00+05:30,PE,1278.0,70.0,1288.0,2026-05-25 14:45:00+05:30,SL,-10.0,LOSS,,
E1,ICICIBANK,2026-05-25,2026-05-25 11:00:00+05:30,CE,1280.7,80.65,1295.7,2026-05-26 09:15:00+05:30,FORCE_CLOSE,15.0,WIN,,
E1,ICICIBANK,2026-05-25,2026-05-25 12:00:00+05:30,PE,1278.2,66.67,1288.2,2026-05-25 14:45:00+05:30,SL,-10.0,LOSS,,
E1,ICICIBANK,2026-05-25,2026-05-25 13:00:00+05:30,CE,1281.3,67.5,1295.7,2026-05-26 09:15:00+05:30,FORCE_CLOSE,14.4,WIN,,
E1,ICICIBANK,2026-05-26,2026-05-26 09:45:00+05:30,PE,1295.0,81.03,1277.8,2026-05-27 09:15:00+05:30,FORCE_CLOSE,17.2,WIN,,
E1,ICICIBANK,2026-05-29,2026-05-29 10:00:00+05:30,CE,1280.0,100.0,1270.0,2026-05-29 13:45:00+05:30,SL,-10.0,LOSS,,
E1,ICICIBANK,2026-06-01,2026-06-01 09:45:00+05:30,PE,1254.3,69.09,1229.0,2026-06-02 09:15:00+05:30,FORCE_CLOSE,25.3,WIN,,
E1,ICICIBANK,2026-06-02,2026-06-02 12:30:00+05:30,CE,1227.7,82.61,1217.7,2026-06-03 09:15:00+05:30,SL,-10.0,LOSS,,
E1,ICICIBANK,2026-06-02,2026-06-02 14:30:00+05:30,PE,1227.4,76.81,1218.6,2026-06-03 09:15:00+05:30,FORCE_CLOSE,8.8,WIN,,
E1,ICICIBANK,2026-06-03,2026-06-03 10:15:00+05:30,CE,1220.0,75.0,1238.6,2026-06-04 09:15:00+05:30,FORCE_CLOSE,18.6,WIN,,
E1,ICICIBANK,2026-06-04,2026-06-04 13:00:00+05:30,PE,1248.8,74.19,1258.8,2026-06-04 14:00:00+05:30,SL,-10.0,LOSS,,
E1,ICICIBANK,2026-06-04,2026-06-04 14:00:00+05:30,CE,1259.2,92.86,1260.8,2026-06-05 09:15:00+05:30,FORCE_CLOSE,1.6,WIN,,
E1,ICICIBANK,2026-06-05,2026-06-05 09:30:00+05:30,PE,1256.4,65.67,1249.8,2026-06-08 09:15:00+05:30,FORCE_CLOSE,6.6,WIN,,
E1,ICICIBANK,2026-06-08,2026-06-08 11:00:00+05:30,PE,1248.3,70.83,1258.3,2026-06-09 09:15:00+05:30,SL,-10.0,LOSS,,
E1,ICICIBANK,2026-06-09,2026-06-09 10:45:00+05:30,PE,1263.2,95.16,1273.2,2026-06-09 12:30:00+05:30,SL,-10.0,LOSS,,
E1,ICICIBANK,2026-06-09,2026-06-09 12:00:00+05:30,CE,1267.6,77.08,1273.8,2026-06-09 15:15:00+05:30,EOD,6.2,WIN,,
E1,RELIANCE,2026-04-13,2026-04-13 10:00:00+05:30,CE,1321.1,77.94,1311.1,2026-04-13 12:45:00+05:30,SL,-10.0,LOSS,,
E1,RELIANCE,2026-04-13,2026-04-13 11:30:00+05:30,PE,1318.8,75.0,1328.8,2026-04-15 09:15:00+05:30,SL,-10.0,LOSS,,
E1,RELIANCE,2026-04-15,2026-04-15 10:30:00+05:30,CE,1338.5,83.33,1344.0,2026-04-16 09:15:00+05:30,FORCE_CLOSE,5.5,WIN,,
E1,RELIANCE,2026-04-15,2026-04-15 11:00:00+05:30,PE,1337.3,85.71,1347.3,2026-04-16 09:15:00+05:30,SL,-10.0,LOSS,,
E1,RELIANCE,2026-04-15,2026-04-15 11:15:00+05:30,CE,1339.6,71.87,1344.0,2026-04-16 09:15:00+05:30,FORCE_CLOSE,4.4,WIN,,
E1,RELIANCE,2026-04-15,2026-04-15 13:45:00+05:30,PE,1336.6,76.92,1346.6,2026-04-15 15:00:00+05:30,SL,-10.0,LOSS,,
E1,RELIANCE,2026-04-20,2026-04-20 09:30:00+05:30,PE,1358.3,81.33,1368.3,2026-04-20 10:30:00+05:30,SL,-10.0,LOSS,,
E1,RELIANCE,2026-04-20,2026-04-20 10:00:00+05:30,CE,1362.6,67.39,1361.5,2026-04-21 09:15:00+05:30,FORCE_CLOSE,-1.1,LOSS,,
E1,RELIANCE,2026-04-21,2026-04-21 11:15:00+05:30,PE,1361.6,93.1,1351.5,2026-04-22 09:15:00+05:30,FORCE_CLOSE,10.1,WIN,,
E1,RELIANCE,2026-04-22,2026-04-22 09:30:00+05:30,CE,1354.3,82.5,1344.3,2026-04-23 09:15:00+05:30,SL,-10.0,LOSS,,
E1,RELIANCE,2026-04-22,2026-04-22 09:45:00+05:30,PE,1351.5,74.29,1361.5,2026-04-22 10:45:00+05:30,SL,-10.0,LOSS,,
E1,RELIANCE,2026-04-23,2026-04-23 12:00:00+05:30,CE,1351.5,79.17,1341.5,2026-04-23 15:00:00+05:30,SL,-10.0,LOSS,,
E1,RELIANCE,2026-04-23,2026-04-23 12:15:00+05:30,PE,1348.5,66.67,1338.3,2026-04-24 09:15:00+05:30,FORCE_CLOSE,10.2,WIN,,
E1,RELIANCE,2026-04-23,2026-04-23 14:00:00+05:30,PE,1349.4,89.47,1338.3,2026-04-24 09:15:00+05:30,FORCE_CLOSE,11.1,WIN,,
E1,RELIANCE,2026-04-28,2026-04-28 10:00:00+05:30,PE,1362.9,72.0,1372.9,2026-04-28 10:15:00+05:30,SL,-10.0,LOSS,,
E1,RELIANCE,2026-04-28,2026-04-28 10:15:00+05:30,CE,1375.0,70.86,1400.9,2026-04-29 09:15:00+05:30,FORCE_CLOSE,25.9,WIN,,
E1,RELIANCE,2026-04-29,2026-04-29 14:30:00+05:30,CE,1416.8,76.0,1409.3,2026-04-30 09:15:00+05:30,FORCE_CLOSE,-7.5,LOSS,,
E1,RELIANCE,2026-04-30,2026-04-30 11:15:00+05:30,CE,1407.1,79.31,1438.5,2026-05-04 09:15:00+05:30,TRAIL_VWAP,31.4,WIN,,
E1,RELIANCE,2026-04-30,2026-04-30 11:30:00+05:30,PE,1403.5,78.72,1413.5,2026-04-30 12:15:00+05:30,SL,-10.0,LOSS,,
E1,RELIANCE,2026-05-04,2026-05-04 09:30:00+05:30,CE,1443.8,73.61,1467.0,2026-05-05 09:15:00+05:30,FORCE_CLOSE,23.2,WIN,,
E1,RELIANCE,2026-05-04,2026-05-04 10:15:00+05:30,CE,1442.0,100.0,1467.0,2026-05-05 09:15:00+05:30,FORCE_CLOSE,25.0,WIN,,
E1,RELIANCE,2026-05-05,2026-05-05 12:00:00+05:30,CE,1460.1,80.28,1465.8,2026-05-06 09:15:00+05:30,FORCE_CLOSE,5.7,WIN,,
E1,RELIANCE,2026-05-06,2026-05-06 14:15:00+05:30,CE,1450.0,89.8,1440.0,2026-05-06 15:00:00+05:30,SL,-10.0,LOSS,,
E1,RELIANCE,2026-05-07,2026-05-07 09:30:00+05:30,CE,1442.3,71.59,1432.3,2026-05-07 15:00:00+05:30,SL,-10.0,LOSS,,
E1,RELIANCE,2026-05-07,2026-05-07 10:45:00+05:30,PE,1437.0,83.56,1447.0,2026-05-07 12:30:00+05:30,SL,-10.0,LOSS,,
E1,RELIANCE,2026-05-07,2026-05-07 11:45:00+05:30,CE,1438.9,68.75,1428.9,2026-05-08 09:15:00+05:30,SL,-10.0,LOSS,,
E1,RELIANCE,2026-05-08,2026-05-08 09:30:00+05:30,PE,1419.7,95.95,1429.7,2026-05-08 10:15:00+05:30,SL,-10.0,LOSS,,
E1,RELIANCE,2026-05-08,2026-05-08 09:45:00+05:30,CE,1423.7,75.0,1421.6,2026-05-11 09:15:00+05:30,TRAIL_VWAP,-2.1,LOSS,,
E1,RELIANCE,2026-05-08,2026-05-08 13:15:00+05:30,CE,1427.0,82.69,1421.6,2026-05-11 09:15:00+05:30,FORCE_CLOSE,-5.4,LOSS,,
E1,RELIANCE,2026-05-11,2026-05-11 10:15:00+05:30,PE,1415.7,91.84,1382.8,2026-05-12 09:15:00+05:30,FORCE_CLOSE,32.9,WIN,,
E1,RELIANCE,2026-05-13,2026-05-13 11:30:00+05:30,CE,1360.7,86.05,1368.6,2026-05-14 09:15:00+05:30,FORCE_CLOSE,7.9,WIN,,
E1,RELIANCE,2026-05-13,2026-05-13 14:30:00+05:30,PE,1360.0,73.81,1368.6,2026-05-14 09:15:00+05:30,FORCE_CLOSE,-8.6,LOSS,,
E1,RELIANCE,2026-05-14,2026-05-14 09:30:00+05:30,PE,1363.6,81.82,1373.6,2026-05-14 11:45:00+05:30,SL,-10.0,LOSS,,
E1,RELIANCE,2026-05-14,2026-05-14 11:15:00+05:30,CE,1366.2,65.52,1356.2,2026-05-15 09:15:00+05:30,SL,-10.0,LOSS,,
E1,RELIANCE,2026-05-18,2026-05-18 10:15:00+05:30,CE,1327.1,66.67,1341.2,2026-05-19 09:15:00+05:30,FORCE_CLOSE,14.1,WIN,,
E1,RELIANCE,2026-05-19,2026-05-19 09:45:00+05:30,PE,1338.6,86.49,1323.3,2026-05-20 09:15:00+05:30,TRAIL_VWAP,15.3,WIN,,
E1,RELIANCE,2026-05-19,2026-05-19 10:00:00+05:30,CE,1341.9,72.73,1331.9,2026-05-19 13:30:00+05:30,SL,-10.0,LOSS,,
E1,RELIANCE,2026-05-22,2026-05-22 10:30:00+05:30,CE,1355.0,68.18,1360.6,2026-05-25 09:15:00+05:30,FORCE_CLOSE,5.6,WIN,,
E1,RELIANCE,2026-05-22,2026-05-22 11:30:00+05:30,CE,1358.2,80.0,1360.6,2026-05-25 09:15:00+05:30,FORCE_CLOSE,2.4,WIN,,
E1,RELIANCE,2026-05-25,2026-05-25 13:00:00+05:30,CE,1363.9,71.93,1361.8,2026-05-26 09:15:00+05:30,FORCE_CLOSE,-2.1,LOSS,,
E1,RELIANCE,2026-05-26,2026-05-26 10:45:00+05:30,PE,1363.3,90.0,1356.7,2026-05-27 09:15:00+05:30,FORCE_CLOSE,6.6,WIN,,
E1,RELIANCE,2026-05-27,2026-05-27 13:45:00+05:30,CE,1357.4,65.71,1351.0,2026-05-29 09:15:00+05:30,FORCE_CLOSE,-6.4,LOSS,,
E1,RELIANCE,2026-05-27,2026-05-27 14:00:00+05:30,PE,1355.2,75.86,1365.2,2026-05-29 09:15:00+05:30,SL,-10.0,LOSS,,
E1,RELIANCE,2026-06-01,2026-06-01 11:00:00+05:30,CE,1328.5,94.44,1318.5,2026-06-01 15:15:00+05:30,SL,-10.0,LOSS,,
E1,RELIANCE,2026-06-01,2026-06-01 12:30:00+05:30,CE,1327.4,78.57,1317.4,2026-06-02 09:15:00+05:30,SL,-10.0,LOSS,,
E1,RELIANCE,2026-06-01,2026-06-01 13:00:00+05:30,PE,1323.2,80.3,1318.6,2026-06-02 09:15:00+05:30,FORCE_CLOSE,4.6,WIN,,
E1,RELIANCE,2026-06-02,2026-06-02 10:00:00+05:30,PE,1312.2,96.61,1322.2,2026-06-02 13:15:00+05:30,SL,-10.0,LOSS,,
E1,RELIANCE,2026-06-02,2026-06-02 12:45:00+05:30,CE,1312.7,89.47,1307.7,2026-06-03 09:15:00+05:30,FORCE_CLOSE,-5.0,LOSS,,
E1,RELIANCE,2026-06-03,2026-06-03 12:30:00+05:30,CE,1308.4,76.39,1306.5,2026-06-04 09:15:00+05:30,FORCE_CLOSE,-1.9,LOSS,,
E1,RELIANCE,2026-06-04,2026-06-04 10:15:00+05:30,PE,1305.3,82.14,1299.8,2026-06-05 09:15:00+05:30,FORCE_CLOSE,5.5,WIN,,
E1,RELIANCE,2026-06-04,2026-06-04 11:30:00+05:30,CE,1307.0,72.73,1297.0,2026-06-04 13:00:00+05:30,SL,-10.0,LOSS,,
E1,RELIANCE,2026-06-04,2026-06-04 11:45:00+05:30,PE,1304.2,74.42,1299.8,2026-06-05 09:15:00+05:30,FORCE_CLOSE,4.4,WIN,,
E1,RELIANCE,2026-06-05,2026-06-05 12:15:00+05:30,CE,1300.0,70.0,1290.0,2026-06-05 13:00:00+05:30,SL,-10.0,LOSS,,
E1,RELIANCE,2026-06-05,2026-06-05 12:30:00+05:30,PE,1295.2,73.85,1275.0,2026-06-08 09:15:00+05:30,FORCE_CLOSE,20.2,WIN,,
E1,RELIANCE,2026-06-08,2026-06-08 09:30:00+05:30,CE,1278.3,68.75,1268.3,2026-06-08 14:15:00+05:30,SL,-10.0,LOSS,,
E1,RELIANCE,2026-06-08,2026-06-08 10:15:00+05:30,PE,1275.3,85.11,1269.6,2026-06-09 09:15:00+05:30,FORCE_CLOSE,5.7,WIN,,
E1,RELIANCE,2026-06-08,2026-06-08 13:00:00+05:30,PE,1274.1,90.63,1269.6,2026-06-09 09:15:00+05:30,FORCE_CLOSE,4.5,WIN,,
E1,RELIANCE,2026-06-09,2026-06-09 14:30:00+05:30,CE,1264.2,79.03,1272.5,2026-06-09 15:15:00+05:30,EOD,8.3,WIN,,
E2,RELIANCE,2026-04-22,2026-04-22 09:45:00+05:30,PE,1351.5,,1361.5,2026-04-22 10:45:00+05:30,SL,-10.0,LOSS,69.99,BEAR
E2,RELIANCE,2026-05-25,2026-05-25 13:00:00+05:30,CE,1363.9,,1361.8,2026-05-26 09:15:00+05:30,FORCE_CLOSE,-2.1,LOSS,36.61,BULL
E1,SBIN,2026-04-20,2026-04-20 13:00:00+05:30,PE,1107.25,77.01,1109.8,2026-04-21 09:15:00+05:30,FORCE_CLOSE,-2.55,LOSS,,
E1,SBIN,2026-04-21,2026-04-21 10:00:00+05:30,PE,1107.6,90.7,1117.6,2026-04-22 09:15:00+05:30,SL,-10.0,LOSS,,
E1,SBIN,2026-04-21,2026-04-21 10:30:00+05:30,CE,1110.15,90.48,1111.0,2026-04-22 09:15:00+05:30,FORCE_CLOSE,0.85,WIN,,
E1,SBIN,2026-04-22,2026-04-22 10:30:00+05:30,CE,1107.5,93.46,1097.5,2026-04-23 09:15:00+05:30,SL,-10.0,LOSS,,
E1,SBIN,2026-04-23,2026-04-23 10:00:00+05:30,PE,1097.0,65.38,1095.5,2026-04-24 09:15:00+05:30,FORCE_CLOSE,1.5,WIN,,
E1,SBIN,2026-04-23,2026-04-23 11:45:00+05:30,PE,1096.1,67.5,1095.5,2026-04-24 09:15:00+05:30,FORCE_CLOSE,0.6,WIN,,
E1,SBIN,2026-04-24,2026-04-24 10:00:00+05:30,CE,1095.2,78.57,1111.25,2026-04-27 09:15:00+05:30,TRAIL_VWAP,16.05,WIN,,
E1,SBIN,2026-04-24,2026-04-24 10:15:00+05:30,PE,1093.0,69.09,1103.0,2026-04-24 14:30:00+05:30,SL,-10.0,LOSS,,
E1,SBIN,2026-04-24,2026-04-24 12:15:00+05:30,PE,1092.6,83.05,1102.6,2026-04-24 14:30:00+05:30,SL,-10.0,LOSS,,
E1,SBIN,2026-04-24,2026-04-24 12:45:00+05:30,CE,1095.15,85.25,1111.25,2026-04-27 09:15:00+05:30,TRAIL_VWAP,16.1,WIN,,
E1,SBIN,2026-04-24,2026-04-24 13:30:00+05:30,PE,1093.15,84.62,1103.15,2026-04-24 14:30:00+05:30,SL,-10.0,LOSS,,
E1,SBIN,2026-04-24,2026-04-24 13:45:00+05:30,CE,1095.25,82.35,1111.25,2026-04-27 09:15:00+05:30,TRAIL_VWAP,16.0,WIN,,
E1,SBIN,2026-04-27,2026-04-27 13:15:00+05:30,CE,1112.55,71.43,1102.55,2026-04-28 09:15:00+05:30,SL,-10.0,LOSS,,
E1,SBIN,2026-04-28,2026-04-28 11:15:00+05:30,PE,1103.0,100.0,1092.25,2026-04-29 09:15:00+05:30,FORCE_CLOSE,10.75,WIN,,
E1,SBIN,2026-04-29,2026-04-29 11:45:00+05:30,CE,1097.0,74.36,1087.0,2026-04-29 15:00:00+05:30,SL,-10.0,LOSS,,
E1,SBIN,2026-04-29,2026-04-29 13:45:00+05:30,PE,1096.8,68.33,1073.2,2026-04-30 09:15:00+05:30,FORCE_CLOSE,23.6,WIN,,
E1,SBIN,2026-04-30,2026-04-30 10:15:00+05:30,PE,1071.4,82.83,1081.4,2026-05-04 09:15:00+05:30,SL,-10.0,LOSS,,
E1,SBIN,2026-04-30,2026-04-30 13:30:00+05:30,CE,1072.15,75.47,1079.0,2026-05-04 09:15:00+05:30,FORCE_CLOSE,6.85,WIN,,
E1,SBIN,2026-05-04,2026-05-04 10:00:00+05:30,PE,1079.8,81.82,1065.2,2026-05-05 09:15:00+05:30,FORCE_CLOSE,14.6,WIN,,
E1,SBIN,2026-05-04,2026-05-04 11:00:00+05:30,CE,1082.0,70.59,1072.0,2026-05-04 12:45:00+05:30,SL,-10.0,LOSS,,
E1,SBIN,2026-05-04,2026-05-04 11:45:00+05:30,PE,1081.0,69.81,1065.2,2026-05-05 09:15:00+05:30,TRAIL_VWAP,15.8,WIN,,
E1,SBIN,2026-05-05,2026-05-05 10:00:00+05:30,PE,1063.1,76.92,1073.1,2026-05-06 09:15:00+05:30,SL,-10.0,LOSS,,
E1,SBIN,2026-05-05,2026-05-05 12:45:00+05:30,CE,1061.1,87.88,1075.5,2026-05-06 09:15:00+05:30,FORCE_CLOSE,14.4,WIN,,
E1,SBIN,2026-05-06,2026-05-06 14:00:00+05:30,CE,1071.5,80.43,1096.3,2026-05-07 09:15:00+05:30,TRAIL_VWAP,24.8,WIN,,
E1,SBIN,2026-05-07,2026-05-07 09:45:00+05:30,PE,1095.4,78.72,1089.0,2026-05-08 09:15:00+05:30,FORCE_CLOSE,6.4,WIN,,
E1,SBIN,2026-05-07,2026-05-07 12:30:00+05:30,CE,1101.4,80.45,1091.4,2026-05-07 15:00:00+05:30,SL,-10.0,LOSS,,
E1,SBIN,2026-05-07,2026-05-07 14:00:00+05:30,PE,1094.1,72.22,1089.0,2026-05-08 09:15:00+05:30,FORCE_CLOSE,5.1,WIN,,
E1,SBIN,2026-05-08,2026-05-08 10:45:00+05:30,PE,1087.4,74.19,992.1,2026-05-11 09:15:00+05:30,FORCE_CLOSE,95.3,WIN,,
E1,SBIN,2026-05-08,2026-05-08 11:00:00+05:30,CE,1093.9,87.34,1083.9,2026-05-08 12:00:00+05:30,SL,-10.0,LOSS,,
E1,SBIN,2026-05-08,2026-05-08 12:00:00+05:30,PE,1081.2,68.99,992.1,2026-05-11 09:15:00+05:30,FORCE_CLOSE,89.1,WIN,,
E1,SBIN,2026-05-12,2026-05-12 10:15:00+05:30,PE,976.4,68.18,969.3,2026-05-13 09:15:00+05:30,FORCE_CLOSE,7.1,WIN,,
E1,SBIN,2026-05-12,2026-05-12 13:15:00+05:30,CE,972.0,82.76,969.3,2026-05-13 09:15:00+05:30,FORCE_CLOSE,-2.7,LOSS,,
E1,SBIN,2026-05-13,2026-05-13 10:15:00+05:30,CE,971.6,65.57,976.8,2026-05-14 09:15:00+05:30,FORCE_CLOSE,5.2,WIN,,
E1,SBIN,2026-05-13,2026-05-13 10:45:00+05:30,PE,967.2,92.75,977.2,2026-05-13 11:30:00+05:30,SL,-10.0,LOSS,,
E1,SBIN,2026-05-13,2026-05-13 11:00:00+05:30,CE,969.9,78.38,976.8,2026-05-14 09:15:00+05:30,FORCE_CLOSE,6.9,WIN,,
E1,SBIN,2026-05-13,2026-05-13 12:30:00+05:30,PE,971.0,97.14,976.8,2026-05-14 09:15:00+05:30,FORCE_CLOSE,-5.8,LOSS,,
E1,SBIN,2026-05-13,2026-05-13 12:45:00+05:30,CE,979.4,87.5,969.4,2026-05-13 15:15:00+05:30,SL,-10.0,LOSS,,
E1,SBIN,2026-05-13,2026-05-13 13:15:00+05:30,PE,972.0,86.54,976.8,2026-05-14 09:15:00+05:30,FORCE_CLOSE,-4.8,LOSS,,
E1,SBIN,2026-05-13,2026-05-13 13:30:00+05:30,CE,975.7,79.07,976.8,2026-05-14 09:15:00+05:30,FORCE_CLOSE,1.1,WIN,,
E1,SBIN,2026-05-13,2026-05-13 14:30:00+05:30,PE,971.7,65.22,976.8,2026-05-14 09:15:00+05:30,FORCE_CLOSE,-5.1,LOSS,,
E1,SBIN,2026-05-14,2026-05-14 09:30:00+05:30,PE,973.6,85.37,983.6,2026-05-14 12:15:00+05:30,SL,-10.0,LOSS,,
E1,SBIN,2026-05-14,2026-05-14 11:15:00+05:30,CE,972.1,79.31,962.1,2026-05-15 09:15:00+05:30,SL,-10.0,LOSS,,
E1,SBIN,2026-05-15,2026-05-15 10:00:00+05:30,PE,966.8,73.33,944.4,2026-05-18 09:15:00+05:30,FORCE_CLOSE,22.4,WIN,,
E1,SBIN,2026-05-15,2026-05-15 12:15:00+05:30,PE,967.7,95.65,944.4,2026-05-18 09:15:00+05:30,FORCE_CLOSE,23.3,WIN,,
E1,SBIN,2026-05-18,2026-05-18 12:45:00+05:30,CE,941.9,87.23,944.3,2026-05-19 09:15:00+05:30,FORCE_CLOSE,2.4,WIN,,
E1,SBIN,2026-05-20,2026-05-20 09:45:00+05:30,CE,938.8,70.83,954.8,2026-05-21 09:15:00+05:30,TRAIL_VWAP,16.0,WIN,,
E1,SBIN,2026-05-21,2026-05-21 10:15:00+05:30,CE,956.3,82.05,955.7,2026-05-22 09:15:00+05:30,FORCE_CLOSE,-0.6,LOSS,,
E1,SBIN,2026-05-21,2026-05-21 11:00:00+05:30,PE,953.5,84.62,955.7,2026-05-22 09:15:00+05:30,FORCE_CLOSE,-2.2,LOSS,,
E1,SBIN,2026-05-22,2026-05-22 10:15:00+05:30,PE,953.7,93.48,961.4,2026-05-25 09:15:00+05:30,FORCE_CLOSE,-7.7,LOSS,,
E1,SBIN,2026-05-25,2026-05-25 13:15:00+05:30,CE,961.7,70.59,975.3,2026-05-26 09:15:00+05:30,FORCE_CLOSE,13.6,WIN,,
E1,SBIN,2026-05-25,2026-05-25 13:30:00+05:30,PE,960.2,76.19,970.2,2026-05-25 15:15:00+05:30,SL,-10.0,LOSS,,
E1,SBIN,2026-05-25,2026-05-25 14:30:00+05:30,CE,962.4,65.38,975.3,2026-05-26 09:15:00+05:30,FORCE_CLOSE,12.9,WIN,,
E1,SBIN,2026-05-26,2026-05-26 11:00:00+05:30,PE,972.1,94.23,970.8,2026-05-27 09:15:00+05:30,FORCE_CLOSE,1.3,WIN,,
E1,SBIN,2026-05-27,2026-05-27 10:00:00+05:30,CE,974.2,81.25,968.7,2026-05-29 09:15:00+05:30,FORCE_CLOSE,-5.5,LOSS,,
E1,SBIN,2026-05-29,2026-05-29 10:00:00+05:30,CE,969.5,91.43,965.2,2026-06-01 09:15:00+05:30,FORCE_CLOSE,-4.3,LOSS,,
E1,SBIN,2026-05-29,2026-05-29 10:30:00+05:30,PE,966.4,91.18,965.2,2026-06-01 09:15:00+05:30,FORCE_CLOSE,1.2,WIN,,
E1,SBIN,2026-05-29,2026-05-29 11:30:00+05:30,CE,968.6,73.53,965.2,2026-06-01 09:15:00+05:30,FORCE_CLOSE,-3.4,LOSS,,
E1,SBIN,2026-06-01,2026-06-01 11:00:00+05:30,CE,965.4,100.0,955.4,2026-06-01 13:00:00+05:30,SL,-10.0,LOSS,,
E1,SBIN,2026-06-02,2026-06-02 10:00:00+05:30,PE,946.5,92.52,956.5,2026-06-02 13:00:00+05:30,SL,-10.0,LOSS,,
E1,SBIN,2026-06-02,2026-06-02 10:15:00+05:30,CE,949.3,69.62,944.2,2026-06-03 09:15:00+05:30,FORCE_CLOSE,-5.1,LOSS,,
E1,SBIN,2026-06-02,2026-06-02 10:30:00+05:30,PE,944.7,100.0,954.7,2026-06-02 12:45:00+05:30,SL,-10.0,LOSS,,
E1,SBIN,2026-06-02,2026-06-02 12:45:00+05:30,CE,953.8,87.85,943.8,2026-06-03 09:15:00+05:30,SL,-10.0,LOSS,,
E1,SBIN,2026-06-03,2026-06-03 10:00:00+05:30,PE,943.6,77.27,953.6,2026-06-03 13:15:00+05:30,SL,-10.0,LOSS,,
E1,SBIN,2026-06-03,2026-06-03 12:15:00+05:30,CE,943.0,77.32,970.3,2026-06-04 09:15:00+05:30,FORCE_CLOSE,27.3,WIN,,
E1,SBIN,2026-06-04,2026-06-04 12:00:00+05:30,PE,978.2,71.21,986.45,2026-06-05 09:15:00+05:30,FORCE_CLOSE,-8.25,LOSS,,
E1,SBIN,2026-06-04,2026-06-04 13:00:00+05:30,PE,974.5,76.32,984.5,2026-06-05 09:15:00+05:30,SL,-10.0,LOSS,,
E1,SBIN,2026-06-05,2026-06-05 10:00:00+05:30,PE,985.45,68.64,981.7,2026-06-08 09:15:00+05:30,FORCE_CLOSE,3.75,WIN,,
E1,SBIN,2026-06-05,2026-06-05 12:00:00+05:30,CE,986.4,67.61,976.4,2026-06-05 13:15:00+05:30,SL,-10.0,LOSS,,
E1,SBIN,2026-06-05,2026-06-05 12:15:00+05:30,PE,984.0,80.36,981.7,2026-06-08 09:15:00+05:30,FORCE_CLOSE,2.3,WIN,,
E1,SBIN,2026-06-08,2026-06-08 10:00:00+05:30,PE,980.9,85.5,987.1,2026-06-09 09:15:00+05:30,FORCE_CLOSE,-6.2,LOSS,,
E1,SBIN,2026-06-08,2026-06-08 13:30:00+05:30,PE,980.7,71.25,987.1,2026-06-09 09:15:00+05:30,FORCE_CLOSE,-6.4,LOSS,,
E1,SBIN,2026-06-08,2026-06-08 14:30:00+05:30,CE,983.5,93.94,987.1,2026-06-09 09:15:00+05:30,FORCE_CLOSE,3.6,WIN,,
E2,SBIN,2026-05-19,2026-05-19 14:00:00+05:30,CE,952.2,,942.2,2026-05-20 09:15:00+05:30,SL,-10.0,LOSS,36.01,BULL
E1,INFY,2026-04-13,2026-04-13 11:30:00+05:30,PE,1272.5,87.18,1282.5,2026-04-15 09:15:00+05:30,SL,-10.0,LOSS,,
E1,INFY,2026-04-13,2026-04-13 13:45:00+05:30,CE,1275.3,90.7,1316.8,2026-04-15 09:15:00+05:30,FORCE_CLOSE,41.5,WIN,,
E1,INFY,2026-04-13,2026-04-13 14:00:00+05:30,PE,1271.6,82.22,1281.6,2026-04-15 09:15:00+05:30,SL,-10.0,LOSS,,
E1,INFY,2026-04-15,2026-04-15 09:30:00+05:30,PE,1308.8,68.15,1318.8,2026-04-16 09:15:00+05:30,SL,-10.0,LOSS,,
E1,INFY,2026-04-16,2026-04-16 11:30:00+05:30,PE,1319.0,81.25,1321.3,2026-04-17 09:15:00+05:30,FORCE_CLOSE,-2.3,LOSS,,
E1,INFY,2026-04-17,2026-04-17 09:30:00+05:30,PE,1314.4,80.23,1324.4,2026-04-20 09:15:00+05:30,SL,-10.0,LOSS,,
E1,INFY,2026-04-17,2026-04-17 14:30:00+05:30,CE,1314.3,81.43,1310.1,2026-04-20 09:15:00+05:30,FORCE_CLOSE,-4.2,LOSS,,
E1,INFY,2026-04-20,2026-04-20 11:00:00+05:30,CE,1316.6,85.71,1306.6,2026-04-21 09:15:00+05:30,SL,-10.0,LOSS,,
E1,INFY,2026-04-20,2026-04-20 13:00:00+05:30,PE,1315.6,77.27,1304.0,2026-04-21 09:15:00+05:30,FORCE_CLOSE,11.6,WIN,,
E1,INFY,2026-04-21,2026-04-21 09:30:00+05:30,CE,1306.2,68.97,1313.5,2026-04-21 12:45:00+05:30,TRAIL_VWAP,7.3,WIN,,
E1,INFY,2026-04-21,2026-04-21 12:45:00+05:30,PE,1313.5,84.75,1278.6,2026-04-22 09:15:00+05:30,FORCE_CLOSE,34.9,WIN,,
E1,INFY,2026-04-21,2026-04-21 13:15:00+05:30,CE,1315.5,77.14,1305.5,2026-04-22 09:15:00+05:30,SL,-10.0,LOSS,,
E1,INFY,2026-04-22,2026-04-22 13:45:00+05:30,CE,1268.3,80.0,1258.3,2026-04-23 09:15:00+05:30,SL,-10.0,LOSS,,
E1,INFY,2026-04-23,2026-04-23 11:45:00+05:30,PE,1255.0,73.81,1211.7,2026-04-24 09:15:00+05:30,TRAIL_VWAP,43.3,WIN,,
E1,INFY,2026-04-23,2026-04-23 12:15:00+05:30,PE,1251.7,78.33,1211.7,2026-04-24 09:15:00+05:30,TRAIL_VWAP,40.0,WIN,,
E1,INFY,2026-04-24,2026-04-24 09:30:00+05:30,PE,1201.1,88.24,1173.6,2026-04-27 09:15:00+05:30,TRAIL_VWAP,27.5,WIN,,
E1,INFY,2026-04-27,2026-04-27 12:00:00+05:30,CE,1175.2,75.68,1165.2,2026-04-28 09:15:00+05:30,SL,-10.0,LOSS,,
E1,INFY,2026-04-28,2026-04-28 09:30:00+05:30,PE,1159.7,83.33,1162.1,2026-04-29 09:15:00+05:30,FORCE_CLOSE,-2.4,LOSS,,
E1,INFY,2026-04-29,2026-04-29 14:00:00+05:30,PE,1170.0,74.29,1161.7,2026-04-30 09:15:00+05:30,FORCE_CLOSE,8.3,WIN,,
E1,INFY,2026-04-30,2026-04-30 09:30:00+05:30,CE,1170.4,73.5,1188.4,2026-05-04 09:15:00+05:30,TRAIL_VWAP,18.0,WIN,,
E1,INFY,2026-04-30,2026-04-30 11:45:00+05:30,CE,1174.9,93.75,1188.4,2026-05-04 09:15:00+05:30,FORCE_CLOSE,13.5,WIN,,
E1,INFY,2026-05-04,2026-05-04 09:45:00+05:30,PE,1184.7,74.14,1171.8,2026-05-05 09:15:00+05:30,FORCE_CLOSE,12.9,WIN,,
E1,INFY,2026-05-05,2026-05-05 14:15:00+05:30,CE,1175.9,80.95,1188.9,2026-05-06 09:15:00+05:30,FORCE_CLOSE,13.0,WIN,,
E1,INFY,2026-05-06,2026-05-06 09:30:00+05:30,PE,1178.5,84.55,1165.1,2026-05-07 09:15:00+05:30,FORCE_CLOSE,13.4,WIN,,
E1,INFY,2026-05-07,2026-05-07 14:30:00+05:30,PE,1165.4,69.77,1169.7,2026-05-08 09:15:00+05:30,FORCE_CLOSE,-4.3,LOSS,,
E1,INFY,2026-05-11,2026-05-11 13:30:00+05:30,PE,1181.0,96.3,1138.9,2026-05-12 09:15:00+05:30,FORCE_CLOSE,42.1,WIN,,
E1,INFY,2026-05-11,2026-05-11 14:15:00+05:30,PE,1178.8,87.1,1138.9,2026-05-12 09:15:00+05:30,FORCE_CLOSE,39.9,WIN,,
E1,INFY,2026-05-12,2026-05-12 13:00:00+05:30,CE,1139.0,95.83,1132.9,2026-05-13 09:15:00+05:30,FORCE_CLOSE,-6.1,LOSS,,
E1,INFY,2026-05-13,2026-05-13 10:30:00+05:30,PE,1131.6,71.15,1113.3,2026-05-14 09:15:00+05:30,FORCE_CLOSE,18.3,WIN,,
E1,INFY,2026-05-13,2026-05-13 11:15:00+05:30,CE,1134.6,83.72,1124.6,2026-05-13 14:15:00+05:30,SL,-10.0,LOSS,,
E1,INFY,2026-05-13,2026-05-13 11:45:00+05:30,PE,1131.2,89.55,1113.3,2026-05-14 09:15:00+05:30,FORCE_CLOSE,17.9,WIN,,
E1,INFY,2026-05-13,2026-05-13 12:00:00+05:30,CE,1134.3,70.45,1124.3,2026-05-13 14:15:00+05:30,SL,-10.0,LOSS,,
E1,INFY,2026-05-13,2026-05-13 12:15:00+05:30,PE,1131.9,74.29,1113.3,2026-05-14 09:15:00+05:30,FORCE_CLOSE,18.6,WIN,,
E1,INFY,2026-05-13,2026-05-13 12:45:00+05:30,CE,1134.1,89.74,1124.1,2026-05-13 14:15:00+05:30,SL,-10.0,LOSS,,
E1,INFY,2026-05-13,2026-05-13 13:00:00+05:30,PE,1130.6,67.31,1113.3,2026-05-14 09:15:00+05:30,FORCE_CLOSE,17.3,WIN,,
E1,INFY,2026-05-15,2026-05-15 11:00:00+05:30,PE,1119.9,77.78,1129.9,2026-05-18 09:15:00+05:30,SL,-10.0,LOSS,,
E1,INFY,2026-05-15,2026-05-15 13:30:00+05:30,PE,1119.0,93.65,1129.0,2026-05-18 09:15:00+05:30,SL,-10.0,LOSS,,
E1,INFY,2026-05-18,2026-05-18 11:00:00+05:30,PE,1127.0,79.71,1137.0,2026-05-18 12:00:00+05:30,SL,-10.0,LOSS,,
E1,INFY,2026-05-19,2026-05-19 13:30:00+05:30,PE,1186.2,73.33,1196.2,2026-05-19 15:00:00+05:30,SL,-10.0,LOSS,,
E1,INFY,2026-05-19,2026-05-19 14:00:00+05:30,CE,1190.7,90.57,1199.9,2026-05-20 09:15:00+05:30,FORCE_CLOSE,9.2,WIN,,
E1,INFY,2026-05-20,2026-05-20 10:00:00+05:30,PE,1195.8,81.0,1192.2,2026-05-21 09:15:00+05:30,FORCE_CLOSE,3.6,WIN,,
E1,INFY,2026-05-22,2026-05-22 12:15:00+05:30,PE,1181.5,78.05,1175.5,2026-05-25 09:15:00+05:30,FORCE_CLOSE,6.0,WIN,,
E1,INFY,2026-05-25,2026-05-25 10:30:00+05:30,CE,1177.0,80.0,1167.0,2026-05-25 15:15:00+05:30,SL,-10.0,LOSS,,
E1,INFY,2026-05-25,2026-05-25 11:45:00+05:30,PE,1175.7,70.97,1175.1,2026-05-26 09:15:00+05:30,FORCE_CLOSE,0.6,WIN,,
E1,INFY,2026-05-25,2026-05-25 13:15:00+05:30,CE,1177.0,84.0,1167.0,2026-05-25 15:15:00+05:30,SL,-10.0,LOSS,,
E1,INFY,2026-05-25,2026-05-25 13:30:00+05:30,PE,1173.4,74.0,1175.1,2026-05-26 09:15:00+05:30,FORCE_CLOSE,-1.7,LOSS,,
E1,INFY,2026-05-26,2026-05-26 11:15:00+05:30,PE,1174.8,88.46,1159.4,2026-05-27 09:15:00+05:30,FORCE_CLOSE,15.4,WIN,,
E1,INFY,2026-05-27,2026-05-27 09:45:00+05:30,PE,1157.2,94.59,1167.2,2026-05-29 09:15:00+05:30,SL,-10.0,LOSS,,
E1,INFY,2026-05-27,2026-05-27 10:45:00+05:30,CE,1162.5,76.09,1195.4,2026-05-29 09:15:00+05:30,FORCE_CLOSE,32.9,WIN,,
E1,INFY,2026-05-27,2026-05-27 12:45:00+05:30,PE,1160.5,68.0,1170.5,2026-05-29 09:15:00+05:30,SL,-10.0,LOSS,,
E1,INFY,2026-06-01,2026-06-01 14:15:00+05:30,PE,1205.9,75.0,1215.9,2026-06-02 09:15:00+05:30,SL,-10.0,LOSS,,
E1,INFY,2026-06-04,2026-06-04 12:45:00+05:30,CE,1205.5,90.77,1207.9,2026-06-05 09:15:00+05:30,FORCE_CLOSE,2.4,WIN,,
E1,INFY,2026-06-04,2026-06-04 13:00:00+05:30,PE,1202.2,89.19,1212.2,2026-06-05 09:15:00+05:30,SL,-10.0,LOSS,,
E1,INFY,2026-06-08,2026-06-08 09:45:00+05:30,CE,1186.4,94.59,1176.4,2026-06-09 09:15:00+05:30,SL,-10.0,LOSS,,
E1,INFY,2026-06-08,2026-06-08 14:00:00+05:30,PE,1188.6,69.44,1176.7,2026-06-09 09:15:00+05:30,FORCE_CLOSE,11.9,WIN,,
E1,INFY,2026-06-09,2026-06-09 12:15:00+05:30,PE,1174.1,76.19,1181.7,2026-06-09 15:15:00+05:30,EOD,-7.6,LOSS,,
E1,INFY,2026-06-09,2026-06-09 14:15:00+05:30,CE,1174.9,95.0,1181.7,2026-06-09 15:15:00+05:30,EOD,6.8,WIN,,
E2,INFY,2026-04-16,2026-04-16 11:15:00+05:30,CE,1324.4,,1314.4,2026-04-16 12:00:00+05:30,SL,-10.0,LOSS,23.32,BULL
E1,TCS,2026-04-13,2026-04-13 11:30:00+05:30,PE,2482.5,78.57,2492.5,2026-04-15 09:15:00+05:30,SL,-10.0,LOSS,,
E1,TCS,2026-04-15,2026-04-15 11:30:00+05:30,CE,2545.0,86.17,2586.7,2026-04-16 09:15:00+05:30,FORCE_CLOSE,41.7,WIN,,
E1,TCS,2026-04-16,2026-04-16 11:30:00+05:30,PE,2575.6,68.24,2585.6,2026-04-17 09:15:00+05:30,SL,-10.0,LOSS,,
E1,TCS,2026-04-17,2026-04-17 09:30:00+05:30,PE,2567.0,69.43,2577.0,2026-04-17 10:00:00+05:30,SL,-10.0,LOSS,,
E1,TCS,2026-04-17,2026-04-17 09:45:00+05:30,CE,2575.5,87.85,2565.5,2026-04-20 09:15:00+05:30,SL,-10.0,LOSS,,
E1,TCS,2026-04-17,2026-04-17 11:15:00+05:30,PE,2571.8,72.41,2581.8,2026-04-17 12:00:00+05:30,SL,-10.0,LOSS,,
E1,TCS,2026-04-22,2026-04-22 09:30:00+05:30,CE,2574.9,69.38,2564.9,2026-04-22 10:00:00+05:30,SL,-10.0,LOSS,,
E1,TCS,2026-04-22,2026-04-22 10:00:00+05:30,PE,2565.0,68.75,2550.2,2026-04-22 13:45:00+05:30,TRAIL_VWAP,14.8,WIN,,
E1,TCS,2026-04-22,2026-04-22 13:45:00+05:30,CE,2550.2,86.32,2540.2,2026-04-22 14:15:00+05:30,SL,-10.0,LOSS,,
E1,TCS,2026-04-29,2026-04-29 13:30:00+05:30,PE,2473.4,77.06,2455.4,2026-04-30 09:15:00+05:30,FORCE_CLOSE,18.0,WIN,,
E1,TCS,2026-04-29,2026-04-29 14:00:00+05:30,PE,2469.7,69.15,2455.4,2026-04-30 09:15:00+05:30,FORCE_CLOSE,14.3,WIN,,
E1,TCS,2026-04-29,2026-04-29 14:30:00+05:30,CE,2478.3,79.41,2468.3,2026-04-29 15:15:00+05:30,SL,-10.0,LOSS,,
E1,TCS,2026-04-30,2026-04-30 09:30:00+05:30,CE,2470.0,69.07,2460.0,2026-04-30 10:45:00+05:30,SL,-10.0,LOSS,,
E1,TCS,2026-04-30,2026-04-30 10:30:00+05:30,PE,2462.3,93.75,2460.5,2026-04-30 12:15:00+05:30,TRAIL_VWAP,1.8,WIN,,
E1,TCS,2026-05-06,2026-05-06 09:30:00+05:30,PE,2445.3,72.76,2433.9,2026-05-06 14:15:00+05:30,TRAIL_VWAP,11.4,WIN,,
E1,TCS,2026-05-06,2026-05-06 14:15:00+05:30,CE,2433.9,84.36,2423.9,2026-05-07 09:15:00+05:30,SL,-10.0,LOSS,,
E1,TCS,2026-05-08,2026-05-08 09:30:00+05:30,PE,2393.1,88.37,2387.9,2026-05-08 13:15:00+05:30,TRAIL_VWAP,5.2,WIN,,
E1,TCS,2026-05-08,2026-05-08 13:30:00+05:30,PE,2383.0,79.03,2393.0,2026-05-08 14:30:00+05:30,SL,-10.0,LOSS,,
E1,TCS,2026-05-08,2026-05-08 14:30:00+05:30,CE,2394.5,65.04,2384.5,2026-05-11 09:15:00+05:30,SL,-10.0,LOSS,,
E1,TCS,2026-05-14,2026-05-14 09:30:00+05:30,PE,2234.4,79.09,2244.4,2026-05-14 10:00:00+05:30,SL,-10.0,LOSS,,
E1,TCS,2026-05-14,2026-05-14 10:15:00+05:30,PE,2232.9,70.65,2242.9,2026-05-14 11:15:00+05:30,SL,-10.0,LOSS,,
E1,TCS,2026-05-14,2026-05-14 13:00:00+05:30,CE,2238.3,93.46,2299.4,2026-05-15 09:15:00+05:30,FORCE_CLOSE,61.1,WIN,,
E1,TCS,2026-05-15,2026-05-15 10:30:00+05:30,CE,2293.0,68.42,2283.0,2026-05-15 11:00:00+05:30,SL,-10.0,LOSS,,
E1,TCS,2026-05-15,2026-05-15 11:00:00+05:30,PE,2279.5,81.25,2265.2,2026-05-18 09:15:00+05:30,FORCE_CLOSE,14.3,WIN,,
E1,TCS,2026-05-18,2026-05-18 10:30:00+05:30,CE,2266.7,67.27,2351.7,2026-05-19 09:15:00+05:30,FORCE_CLOSE,85.0,WIN,,
E1,TCS,2026-05-18,2026-05-18 11:00:00+05:30,PE,2264.1,81.71,2274.1,2026-05-18 12:00:00+05:30,SL,-10.0,LOSS,,
E1,TCS,2026-05-18,2026-05-18 12:00:00+05:30,CE,2278.2,96.21,2351.7,2026-05-19 09:15:00+05:30,FORCE_CLOSE,73.5,WIN,,
E1,TCS,2026-05-19,2026-05-19 10:30:00+05:30,CE,2358.0,72.73,2348.0,2026-05-19 10:45:00+05:30,SL,-10.0,LOSS,,
E1,TCS,2026-05-20,2026-05-20 12:30:00+05:30,PE,2329.8,75.68,2326.0,2026-05-21 09:15:00+05:30,FORCE_CLOSE,3.8,WIN,,
E1,TCS,2026-05-22,2026-05-22 11:00:00+05:30,PE,2326.1,72.31,2303.0,2026-05-25 09:15:00+05:30,FORCE_CLOSE,23.1,WIN,,
E1,TCS,2026-05-22,2026-05-22 11:15:00+05:30,CE,2330.3,79.25,2320.3,2026-05-22 12:00:00+05:30,SL,-10.0,LOSS,,
E1,TCS,2026-05-25,2026-05-25 11:45:00+05:30,PE,2307.3,67.35,2317.3,2026-05-25 13:30:00+05:30,SL,-10.0,LOSS,,
E1,TCS,2026-05-25,2026-05-25 12:15:00+05:30,PE,2305.9,70.97,2315.9,2026-05-25 13:00:00+05:30,SL,-10.0,LOSS,,
E1,TCS,2026-05-27,2026-05-27 12:15:00+05:30,PE,2268.2,72.37,2278.2,2026-05-27 15:00:00+05:30,SL,-10.0,LOSS,,
E1,TCS,2026-05-27,2026-05-27 12:30:00+05:30,CE,2274.3,78.75,2310.7,2026-05-29 09:15:00+05:30,FORCE_CLOSE,36.4,WIN,,
E1,TCS,2026-05-27,2026-05-27 12:45:00+05:30,PE,2270.8,77.5,2280.8,2026-05-27 15:15:00+05:30,SL,-10.0,LOSS,,
E1,TCS,2026-05-29,2026-05-29 10:15:00+05:30,PE,2310.9,73.78,2302.1,2026-06-01 09:15:00+05:30,TRAIL_VWAP,8.8,WIN,,
E1,TCS,2026-06-01,2026-06-01 10:30:00+05:30,PE,2303.3,82.63,2313.3,2026-06-01 10:45:00+05:30,SL,-10.0,LOSS,,
E1,TCS,2026-06-01,2026-06-01 14:00:00+05:30,PE,2308.0,83.52,2318.0,2026-06-02 09:15:00+05:30,SL,-10.0,LOSS,,
E1,TCS,2026-06-04,2026-06-04 09:30:00+05:30,PE,2231.8,68.79,2241.8,2026-06-04 11:30:00+05:30,SL,-10.0,LOSS,,
E1,TCS,2026-06-04,2026-06-04 10:45:00+05:30,CE,2235.0,89.61,2252.7,2026-06-05 09:15:00+05:30,TRAIL_VWAP,17.7,WIN,,
E1,TCS,2026-06-04,2026-06-04 12:45:00+05:30,CE,2237.0,76.71,2252.7,2026-06-05 09:15:00+05:30,TRAIL_VWAP,15.7,WIN,,
E1,TCS,2026-06-04,2026-06-04 13:00:00+05:30,PE,2231.0,77.92,2241.0,2026-06-04 14:30:00+05:30,SL,-10.0,LOSS,,
E1,TCS,2026-06-04,2026-06-04 14:30:00+05:30,CE,2239.8,78.21,2252.7,2026-06-05 09:15:00+05:30,FORCE_CLOSE,12.9,WIN,,
E1,TCS,2026-06-08,2026-06-08 09:45:00+05:30,CE,2168.0,96.55,2158.0,2026-06-08 13:00:00+05:30,SL,-10.0,LOSS,,
E1,TCS,2026-06-09,2026-06-09 12:00:00+05:30,PE,2148.7,80.36,2152.0,2026-06-09 15:15:00+05:30,EOD,-3.3,LOSS,,
E1,TCS,2026-06-09,2026-06-09 14:15:00+05:30,CE,2148.4,99.1,2152.0,2026-06-09 15:15:00+05:30,EOD,3.6,WIN,,
